{"cameraMode":{"drawMode":0,"name":"Shaded","section":"Shading Mode"},"sceneLighting":true,"audioPlay":false,"sceneViewState":{"showFog":true,"showMaterialUpdate":false,"showSkybox":true,"showFlares":true,"showImageEffects":true,"showParticleSystems":true},"in2DMode":false,"pivot":{"x":103.5999984741211,"y":4.696268081665039,"z":790.3960571289063},"rotation":{"x":0.17267359793186189,"y":-0.4054708778858185,"z":0.07848867774009705,"w":0.8943341970443726},"size":386.04510498046877,"orthographic":false}